

Date,Inbound,Outbound
2013-12-11,0.27,0.39
2013-12-12,0.26,0.39
2013-12-13,0.29,0.38
2013-12-14,0.32,0.29
2013-12-15,0.33,0.33
2013-12-16,0.27,0.40
2013-12-17,0.28,0.42
2013-12-18,0.27,0.41
2013-12-19,0.27,0.40
2013-12-20,0.27,0.39
2013-12-21,0.32,0.29
2013-12-22,0.30,0.31
2013-12-23,0.27,0.38
2013-12-24,0.31,0.32
2013-12-25,0.30,0.28
2013-12-26,0.26,0.35
2013-12-27,0.28,0.36
2013-12-28,0.32,0.30
2013-12-29,0.30,0.31
2013-12-30,0.29,0.38
2013-12-31,0.35,0.37
2014-01-01,0.30,0.33
2014-01-02,0.29,0.43
2014-01-03,0.29,0.48
2014-01-04,0.32,0.46
2014-01-05,0.31,0.48
2014-01-06,0.30,0.52
2014-01-07,0.29,0.52
2014-01-08,0.29,0.52
2014-01-09,0.30,0.52
2014-01-10,0.31,0.52
2014-01-11,0.35,0.46
2014-01-12,0.34,0.48
2014-01-13,0.32,0.52
2014-01-14,0.30,0.52
2014-01-15,0.31,0.52
2014-01-16,0.30,0.52
2014-01-17,0.31,0.52
2014-01-18,0.35,0.46
2014-01-19,0.34,0.48
2014-01-20,0.32,0.51
2014-01-21,0.31,0.52
2014-01-22,0.32,0.52
2014-01-23,0.33,0.52
2014-01-24,0.33,0.52
2014-01-25,0.41,0.46
2014-01-26,0.40,0.48
2014-01-27,0.35,0.52
2014-01-28,0.35,0.52
2014-01-29,0.33,0.52
2014-01-30,0.34,0.52
2014-01-31,0.33,0.52
2014-02-01,0.38,0.46
2014-02-02,0.38,0.48
2014-02-03,0.33,0.52
2014-02-04,0.32,0.52
2014-02-05,0.32,0.52
2014-02-06,0.32,0.52
2014-02-07,0.32,0.52
2014-02-08,0.38,0.46
2014-02-09,0.36,0.48
2014-02-10,0.34,0.52
2014-02-11,0.33,0.52
2014-02-12,0.33,0.52
2014-02-13,0.33,0.52
2014-02-14,0.33,0.51
2014-02-15,0.35,0.46
2014-02-16,0.35,0.48
2014-02-17,0.33,0.51
2014-02-18,0.32,0.52
2014-02-19,0.32,0.52
2014-02-20,0.31,0.52
2014-02-21,0.33,0.52
2014-02-22,0.37,0.47
2014-02-23,0.35,0.49
2014-02-24,0.33,0.53
2014-02-25,0.33,0.52
2014-02-26,0.33,0.53
2014-02-27,0.31,0.52
2014-02-28,0.31,0.52
2014-03-01,0.38,0.47
2014-03-02,0.37,0.49
2014-03-03,0.33,0.54
2014-03-04,0.33,0.54
2014-03-05,0.33,0.53
2014-03-06,0.32,0.52
2014-03-07,0.33,0.51
2014-03-08,0.39,0.46
2014-03-09,0.40,0.48
2014-03-10,0.36,0.52
2014-03-11,0.34,0.52
2014-03-12,0.35,0.52
2014-03-13,0.34,0.52
2014-03-14,0.34,0.51
2014-03-15,0.40,0.46
2014-03-16,0.39,0.48
2014-03-17,0.36,0.52
2014-03-18,0.35,0.52
2014-03-19,0.34,0.52
2014-03-20,0.33,0.52
2014-03-21,0.35,0.51
2014-03-22,0.41,0.46
2014-03-23,0.39,0.48
2014-03-24,0.36,0.52
2014-03-25,0.36,0.52
2014-03-26,0.36,0.52
2014-03-27,0.40,0.52
2014-03-28,0.42,0.51
2014-03-29,0.49,0.46
2014-03-30,0.47,0.48
2014-03-31,0.43,0.51
2014-04-01,0.42,0.51
2014-04-02,0.42,0.51
2014-04-03,0.42,0.51
2014-04-04,0.43,0.51
2014-04-05,0.48,0.46
2014-04-06,0.47,0.48
2014-04-07,0.43,0.51
2014-04-08,0.42,0.51
2014-04-09,0.42,0.51
2014-04-10,0.46,0.51
2014-04-11,0.42,0.51
2014-04-12,0.55,0.46
2014-04-13,0.54,0.48
2014-04-14,0.49,0.52
2014-04-15,0.47,0.52
2014-04-16,0.47,0.52
2014-04-17,0.46,0.52
2014-04-18,0.48,0.51
2014-04-19,0.55,0.46
2014-04-20,0.56,0.47
2014-04-21,0.49,0.52
2014-04-22,0.47,0.52
2014-04-23,0.47,0.52
2014-04-24,0.46,0.51
2014-04-25,0.47,0.51
2014-04-26,0.56,0.46
2014-04-27,0.54,0.47
2014-04-28,0.49,0.51
2014-04-29,0.48,0.52
2014-04-30,0.47,0.52
2014-05-01,0.47,0.53
2014-05-02,0.49,0.52
2014-05-03,0.57,0.46
2014-05-04,0.55,0.48
2014-05-05,0.50,0.52
2014-05-06,0.48,0.52
2014-05-07,0.48,0.52
2014-05-08,0.48,0.52
2014-05-09,0.48,0.52
2014-05-10,0.57,0.47
2014-05-11,0.56,0.49
2014-05-12,0.51,0.53
2014-05-13,0.48,0.54
2014-05-14,0.49,0.55
2014-05-15,0.48,0.55
2014-05-16,0.49,0.56
2014-05-17,0.57,0.53
2014-05-18,0.55,0.54
2014-05-19,0.51,0.56
2014-05-21,0.48,0.57
2014-05-22,0.48,0.59
2014-05-23,0.49,0.60
2014-05-24,0.58,0.62
2014-05-25,0.56,0.61
2014-05-26,0.52,0.61
2014-05-27,0.50,0.63
2014-05-28,0.50,0.65
2014-05-29,0.48,0.69
2014-05-30,0.49,0.71
2014-05-31,0.58,0.71
2014-06-01,0.56,0.70
2014-06-02,0.51,0.70
2014-06-03,0.50,0.71
2014-06-04,0.51,0.71
2014-06-05,0.51,0.71
2014-06-06,0.53,0.72
2014-06-07,0.61,0.73
2014-06-08,0.60,0.71
2014-06-09,0.54,0.71
2014-06-10,0.53,0.70
2014-06-11,0.53,0.70
2014-06-12,0.52,0.70
2014-06-13,0.53,0.70
2014-06-14,0.61,0.68
2014-06-15,0.59,0.67
2014-06-16,0.54,0.69
2014-06-17,0.53,0.70
2014-06-18,0.53,0.69
2014-06-19,0.53,0.70
2014-06-20,0.54,0.70
2014-06-21,0.63,0.68
2014-06-22,0.60,0.67
2014-06-23,0.56,0.70
2014-06-24,0.54,0.70
2014-06-25,0.54,0.72
2014-06-26,0.52,0.72
2014-06-27,0.54,0.72
2014-06-28,0.64,0.73
2014-06-29,0.62,0.71
2014-06-30,0.56,0.72
2014-07-01,0.55,0.72
2014-07-02,0.56,0.72
2014-07-03,0.55,0.72
2014-07-04,0.59,0.71
2014-07-05,0.65,0.73
2014-07-06,0.63,0.72
2014-07-07,0.58,0.73
2014-07-08,0.56,0.73
2014-07-09,0.56,0.73
2014-07-10,0.56,0.73
2014-07-11,0.57,0.74
2014-07-12,0.65,0.75
2014-07-13,0.63,0.73
2014-07-14,0.58,0.74
2014-07-15,0.56,0.74
2014-07-16,0.56,0.74
2014-07-17,0.55,0.73
2014-07-18,0.56,0.74
2014-07-19,0.64,0.75
2014-07-20,0.62,0.74
2014-07-21,0.58,0.74
2014-07-22,0.56,0.74
2014-07-23,0.56,0.74
2014-07-24,0.54,0.73
2014-07-25,0.55,0.74
2014-07-27,0.62,0.73
2014-07-28,0.57,0.74
2014-07-29,0.57,0.74
2014-07-30,0.56,0.74
2014-07-31,0.55,0.74
2014-08-01,0.56,0.74
2014-08-02,0.66,0.75
2014-08-03,0.64,0.74
2014-08-04,0.57,0.74
2014-08-05,0.56,0.74
2014-08-06,0.56,0.74
2014-08-07,0.56,0.74
2014-08-08,0.57,0.75
2014-08-09,0.65,0.75
2014-08-10,0.63,0.74
2014-08-11,0.57,0.75
2014-08-12,0.56,0.74
2014-08-13,0.56,0.74
2014-08-14,0.56,0.75
2014-08-15,0.58,0.76
2014-08-16,0.65,0.76
2014-08-17,0.64,0.74
2014-08-18,0.58,0.75
2014-08-19,0.57,0.75
2014-08-20,0.55,0.75
2014-08-21,0.55,0.75
2014-08-22,0.57,0.76
2014-08-23,0.65,0.77
2014-08-24,0.63,0.75
2014-08-25,0.57,0.75
2014-08-26,0.56,0.75
2014-08-27,0.57,0.75
2014-08-28,0.56,0.75
2014-08-29,0.57,0.76
2014-08-30,0.64,0.76
2014-08-31,0.63,0.74
2014-09-01,0.58,0.74
2014-09-02,0.57,0.75
2014-09-03,0.57,0.75
2014-09-04,0.56,0.75
2014-09-05,0.57,0.76
2014-09-06,0.66,0.77
2014-09-07,0.64,0.76
2014-09-08,0.59,0.76
2014-09-09,0.57,0.75
2014-09-10,0.57,0.75
2014-09-11,0.57,0.74
2014-09-12,0.57,0.75
2014-09-13,0.66,0.76
2014-09-14,0.64,0.75
2014-09-15,0.58,0.74
2014-09-16,0.56,0.74
2014-09-17,0.56,0.74
2014-09-18,0.56,0.74
2014-09-19,0.57,0.74
2014-09-20,0.65,0.76
2014-09-21,0.64,0.74
2014-09-22,0.58,0.75
2014-09-23,0.57,0.75
2014-09-24,0.57,0.75
2014-09-25,0.56,0.75
2014-09-26,0.57,0.75
2014-09-27,0.67,0.75
2014-09-28,0.64,0.73
2014-09-29,0.58,0.74
2014-09-30,0.57,0.73
2014-10-01,0.58,0.73
2014-10-02,0.58,0.73
2014-10-03,0.59,0.72
2014-10-04,0.66,0.74
2014-10-05,0.65,0.72
2014-10-06,0.59,0.73
2014-10-07,0.57,0.72
2014-10-08,0.57,0.68
2014-10-09,0.57,0.65
2014-10-10,0.57,0.65
2014-10-11,0.65,0.65
2014-10-12,0.64,0.65
2014-10-13,0.58,0.64
2014-10-14,0.57,0.61
2014-10-15,0.57,0.50
2014-10-16,0.56,0.53
2014-10-17,0.58,0.76
2014-10-18,0.65,0.77
2014-10-19,0.64,0.75
2014-10-20,0.58,0.76
2014-10-21,0.57,0.76
2014-10-22,0.57,0.76
2014-10-23,0.58,0.76
2014-10-24,0.58,0.77
2014-10-25,0.66,0.78
2014-10-26,0.64,0.76
2014-10-27,0.58,0.77
2014-10-28,0.57,0.77
2014-10-29,0.56,0.77
2014-10-30,0.55,0.77
2014-10-31,0.57,0.77
2014-11-01,0.65,0.78
2014-11-02,0.64,0.77
2014-11-03,0.58,0.77
2014-11-04,0.58,0.77
2014-11-05,0.58,0.77
2014-11-06,0.56,0.77
2014-11-07,0.58,0.77
2014-11-08,0.65,0.80
2014-11-09,0.64,0.77
2014-11-10,0.58,0.77
2014-11-11,0.57,0.77
2014-11-12,0.58,0.77
2014-11-13,0.57,0.77
2014-11-14,0.59,0.77
2014-11-15,0.66,0.78
2014-11-16,0.64,0.77
2014-11-17,0.59,0.77
2014-11-18,0.58,0.77
2014-11-19,0.58,0.77
2014-11-20,0.58,0.77
2014-11-21,0.59,0.78
2014-11-22,0.66,0.79
2014-11-23,0.65,0.77
2014-11-24,0.60,0.77
2014-11-25,0.58,0.77
2014-11-26,0.57,0.76
2014-11-27,0.57,0.75
2014-11-28,0.55,0.76
2014-11-29,0.64,0.78
2014-11-30,0.61,0.77
2014-12-01,0.54,0.77
2014-12-02,0.57,0.77
2014-12-03,0.58,0.77
2014-12-04,0.57,0.77
2014-12-05,0.58,0.78
2014-12-06,0.65,0.79
2014-12-07,0.64,0.77
2014-12-08,0.58,0.77
2014-12-09,0.58,0.77
2014-12-10,0.56,0.77
2014-12-11,0.54,0.77
2014-12-12,0.54,0.78
2014-12-13,0.60,0.79
2014-12-14,0.58,0.77
2014-12-15,0.54,0.77
2014-12-16,0.53,0.77
2014-12-17,0.54,0.77
2014-12-18,0.53,0.77
2014-12-19,0.54,0.78
2014-12-20,0.60,0.79
2014-12-21,0.58,0.77
2014-12-22,0.53,0.77
2014-12-23,0.53,0.77
2014-12-24,0.57,0.77
2014-12-25,0.60,0.76
2014-12-26,0.54,0.78
2014-12-27,0.61,0.79
2014-12-28,0.61,0.78
2014-12-29,0.56,0.78
2014-12-30,0.56,0.78
2014-12-31,0.61,0.79
2015-01-01,0.59,0.79
2015-01-02,0.57,0.80
2015-01-03,0.63,0.80
2015-01-04,0.61,0.77
2015-01-05,0.56,0.77
2015-01-06,0.55,0.77
2015-01-07,0.55,0.77
2015-01-08,0.55,0.77
2015-01-09,0.55,0.78
2015-01-10,0.62,0.79
2015-01-11,0.60,0.78
2015-01-12,0.56,0.78
2015-01-13,0.55,0.78
2015-01-14,0.54,0.78
2015-01-15,0.54,0.77
2015-01-16,0.55,0.78
2015-01-17,0.61,0.79
2015-01-18,0.60,0.78
2015-01-19,0.55,0.77
2015-01-20,0.54,0.78
2015-01-21,0.54,0.78
2015-01-22,0.54,0.78
2015-01-23,0.55,0.78
2015-01-24,0.61,0.80
2015-01-25,0.59,0.78
2015-01-26,0.55,0.78
2015-01-27,0.55,0.78
2015-01-28,0.54,0.78
2015-01-29,0.54,0.78
2015-01-30,0.54,0.78
2015-01-31,0.61,0.80
2015-02-01,0.60,0.78
2015-02-02,0.56,0.78
2015-02-03,0.56,0.78
2015-02-04,0.55,0.78
2015-02-05,0.55,0.78
2015-02-06,0.56,0.78
2015-02-07,0.62,0.80
2015-02-08,0.60,0.78
2015-02-09,0.56,0.78
2015-02-10,0.56,0.78
2015-02-11,0.55,0.78
2015-02-12,0.55,0.78
2015-02-13,0.56,0.78
2015-02-14,0.63,0.79
2015-02-15,0.61,0.78
2015-02-16,0.57,0.78
2015-02-17,0.57,0.79
2015-02-18,0.57,0.79
2015-02-19,0.56,0.78
2015-02-20,0.57,0.79
2015-02-21,0.64,0.80
2015-02-22,0.61,0.78
2015-02-23,0.57,0.78
2015-02-24,0.56,0.78
2015-02-25,0.56,0.78
2015-02-26,0.55,0.78
2015-02-27,0.57,0.79
2015-02-28,0.63,0.80
2015-03-01,0.62,0.78
2015-03-02,0.58,0.78
2015-03-03,0.57,0.78
2015-03-04,0.57,0.78
2015-03-05,0.57,0.78
2015-03-06,0.58,0.79
2015-03-07,0.64,0.80
2015-03-08,0.63,0.78
2015-03-09,0.58,0.78
2015-03-10,0.57,0.78
2015-03-11,0.57,0.78
2015-03-12,0.56,0.78
2015-03-13,0.56,0.78
2015-03-14,0.64,0.80
2015-03-15,0.62,0.78
2015-03-16,0.57,0.78
2015-03-17,0.56,0.78
2015-03-18,0.56,0.79
2015-03-19,0.56,0.79
2015-03-20,0.56,0.80
2015-03-21,0.61,0.81
2015-03-22,0.62,0.79
2015-03-23,0.57,0.79
2015-03-24,0.56,0.79
2015-03-25,0.56,0.79
2015-03-26,0.55,0.79
2015-03-27,0.56,0.80
2015-03-28,0.63,0.81
2015-03-29,0.62,0.79
2015-03-30,0.58,0.79
2015-03-31,0.57,0.79
2015-04-01,0.56,0.79
2015-04-02,0.55,0.79
2015-04-03,0.55,0.80
2015-04-04,0.55,0.80
2015-04-05,0.59,0.79
2015-04-06,0.56,0.80
2015-04-07,0.54,0.79
2015-04-08,0.53,0.80
2015-04-09,0.53,0.80
2015-04-10,0.54,0.80
2015-04-11,0.59,0.81
2015-04-12,0.58,0.79
2015-04-13,0.55,0.80
2015-04-14,0.54,0.80
2015-04-15,0.54,0.80
2015-04-16,0.51,0.80
2015-04-17,0.53,0.80
2015-04-18,0.61,0.81
2015-04-19,0.56,0.79
2015-04-20,0.54,0.80
2015-04-21,0.53,0.80
2015-04-22,0.54,0.80
